path,classification,reference_exists,generated_exists,duplicate_count,comparison_enabled,reason
JP/GameCfg/buff.json,lua_derived,true,true,0,true,JP reference data
JP/GameCfg/card.json,lua_derived,true,true,0,true,JP reference data
JP/GameCfg/dorm.json,lua_derived,true,true,0,true,JP reference data
JP/GameCfg/dungeon.json,lua_derived,true,true,0,true,JP reference data
JP/GameCfg/skill.json,lua_derived,true,true,0,true,JP reference data
JP/GameCfg/storyjp.json,lua_derived,true,true,0,true,JP reference data
JP/ShareCfg/achievement_data_template.json,lua_derived,true,true,0,true,JP reference data
JP/ShareCfg/activity_7_day_sign.json,lua_derived,true,true,0,true,JP reference data
JP/ShareCfg/activity_banner.json,lua_derived,true,true,0,true,JP reference data
JP/ShareCfg/activity_banner_notice.json,lua_derived,true,true,0,true,JP reference data
JP/ShareCfg/activity_clue.json,lua_derived,true,true,0,true,JP reference data
JP/ShareCfg/activity_clue_ending.json,lua_derived,true,true,0,true,JP reference data
JP/ShareCfg/activity_clue_group.json,lua_derived,true,true,0,true,JP reference data
JP/ShareCfg/activity_coloring_template.json,lua_derived,true,true,0,true,JP reference data
JP/ShareCfg/activity_const.json,lua_derived,true,true,0,true,JP reference data
JP/ShareCfg/activity_dreamland_event.json,lua_derived,true,true,0,true,JP reference data
JP/ShareCfg/activity_dreamland_explore.json,lua_derived,true,true,0,true,JP reference data
JP/ShareCfg/activity_dreamland_map.json,lua_derived,true,true,0,true,JP reference data
JP/ShareCfg/activity_drop_type.json,lua_derived,true,true,0,true,JP reference data
JP/ShareCfg/activity_event_adventure.json,lua_derived,true,true,0,true,JP reference data
JP/ShareCfg/activity_event_avatarframe.json,lua_derived,true,true,0,true,JP reference data
JP/ShareCfg/activity_event_blackwhite.json,lua_derived,true,true,0,true,JP reference data
JP/ShareCfg/activity_event_blueprint_catchup.json,lua_derived,true,true,0,true,JP reference data
JP/ShareCfg/activity_event_building.json,lua_derived,true,true,0,true,JP reference data
JP/ShareCfg/activity_event_challenge.json,lua_derived,true,true,0,true,JP reference data
JP/ShareCfg/activity_event_chapter_award.json,lua_derived,true,true,0,true,JP reference data
JP/ShareCfg/activity_event_chequer.json,lua_derived,true,true,0,true,JP reference data
JP/ShareCfg/activity_event_goldship.json,lua_derived,true,true,0,true,JP reference data
JP/ShareCfg/activity_event_grid.json,lua_derived,true,true,0,true,JP reference data
JP/ShareCfg/activity_event_linkgame.json,lua_derived,true,true,0,true,JP reference data
JP/ShareCfg/activity_event_memorybook.json,lua_derived,true,true,0,true,JP reference data
JP/ShareCfg/activity_event_monopoly.json,lua_derived,true,true,0,true,JP reference data
JP/ShareCfg/activity_event_monopoly_dialogue.json,lua_derived,true,true,0,true,JP reference data
JP/ShareCfg/activity_event_monopoly_event.json,lua_derived,true,true,0,true,JP reference data
JP/ShareCfg/activity_event_monopoly_map.json,lua_derived,true,true,0,true,JP reference data
JP/ShareCfg/activity_event_nianshou.json,lua_derived,true,true,0,true,JP reference data
JP/ShareCfg/activity_event_picturepuzzle.json,lua_derived,true,true,0,true,JP reference data
JP/ShareCfg/activity_event_pt.json,lua_derived,true,true,0,true,JP reference data
JP/ShareCfg/activity_event_pt_consume.json,lua_derived,true,true,0,true,JP reference data
JP/ShareCfg/activity_event_question.json,lua_derived,true,true,0,true,JP reference data
JP/ShareCfg/activity_event_shop_discount.json,lua_derived,true,true,0,true,JP reference data
JP/ShareCfg/activity_event_sign.json,lua_derived,true,true,0,true,JP reference data
JP/ShareCfg/activity_event_turning.json,lua_derived,true,true,0,true,JP reference data
JP/ShareCfg/activity_event_worldboss.json,lua_derived,true,true,0,true,JP reference data
JP/ShareCfg/activity_expup_ship.json,lua_derived,true,true,0,true,JP reference data
JP/ShareCfg/activity_giftmake_template.json,lua_derived,true,true,0,true,JP reference data
JP/ShareCfg/activity_holiday_collection.json,lua_derived,true,true,0,true,JP reference data
JP/ShareCfg/activity_holiday_region.json,lua_derived,true,true,0,true,JP reference data
JP/ShareCfg/activity_holiday_site.json,lua_derived,true,true,0,true,JP reference data
JP/ShareCfg/activity_holiday_trans.json,lua_derived,true,true,0,true,JP reference data
JP/ShareCfg/activity_ins_chat_group.json,lua_derived,true,true,0,true,JP reference data
JP/ShareCfg/activity_ins_chat_language.json,lua_derived,true,true,0,true,JP reference data
JP/ShareCfg/activity_ins_language.json,lua_derived,true,true,0,true,JP reference data
JP/ShareCfg/activity_ins_npc_template.json,lua_derived,true,true,0,true,JP reference data
JP/ShareCfg/activity_ins_redpackage.json,lua_derived,true,true,0,true,JP reference data
JP/ShareCfg/activity_ins_ship_group_template.json,lua_derived,true,true,0,true,JP reference data
JP/ShareCfg/activity_ins_template.json,lua_derived,true,true,0,true,JP reference data
JP/ShareCfg/activity_level_award.json,lua_derived,true,true,0,true,JP reference data
JP/ShareCfg/activity_level_award_plan.json,lua_derived,true,true,0,true,JP reference data
JP/ShareCfg/activity_limit_item_guide.json,lua_derived,true,true,0,true,JP reference data
JP/ShareCfg/activity_liner_event.json,lua_derived,true,true,0,true,JP reference data
JP/ShareCfg/activity_liner_event_group.json,lua_derived,true,true,0,true,JP reference data
JP/ShareCfg/activity_liner_room.json,lua_derived,true,true,0,true,JP reference data
JP/ShareCfg/activity_liner_room_group.json,lua_derived,true,true,0,true,JP reference data
JP/ShareCfg/activity_liner_time.json,lua_derived,true,true,0,true,JP reference data
JP/ShareCfg/activity_liner_time_group.json,lua_derived,true,true,0,true,JP reference data
JP/ShareCfg/activity_link_button.json,lua_derived,true,true,0,true,JP reference data
JP/ShareCfg/activity_map_event_data.json,lua_derived,true,true,0,true,JP reference data
JP/ShareCfg/activity_map_event_list.json,lua_derived,true,true,0,true,JP reference data
JP/ShareCfg/activity_medal_group.json,lua_derived,true,true,0,true,JP reference data
JP/ShareCfg/activity_medal_template.json,lua_derived,true,true,0,true,JP reference data
JP/ShareCfg/activity_month_sign.json,lua_derived,true,true,0,true,JP reference data
JP/ShareCfg/activity_nianshou.json,lua_derived,true,true,0,true,JP reference data
JP/ShareCfg/activity_ninja_buff.json,lua_derived,true,true,0,true,JP reference data
JP/ShareCfg/activity_ninja_building.json,lua_derived,true,true,0,true,JP reference data
JP/ShareCfg/activity_ninja_city.json,lua_derived,true,true,0,true,JP reference data
JP/ShareCfg/activity_ninja_enemy.json,lua_derived,true,true,0,true,JP reference data
JP/ShareCfg/activity_partyinvitation_template.json,lua_derived,true,true,0,true,JP reference data
JP/ShareCfg/activity_random_award_item.json,lua_derived,true,true,0,true,JP reference data
JP/ShareCfg/activity_random_award_template.json,lua_derived,true,true,0,true,JP reference data
JP/ShareCfg/activity_ryza_furniture.json,lua_derived,true,true,0,true,JP reference data
JP/ShareCfg/activity_ryza_item.json,lua_derived,true,true,0,true,JP reference data
JP/ShareCfg/activity_ryza_recipe.json,lua_derived,true,true,0,true,JP reference data
JP/ShareCfg/activity_ryza_recipe_circle.json,lua_derived,true,true,0,true,JP reference data
JP/ShareCfg/activity_series_enemy.json,lua_derived,true,true,0,true,JP reference data
JP/ShareCfg/activity_series_enemy_story.json,lua_derived,true,true,0,true,JP reference data
JP/ShareCfg/activity_ship_create.json,lua_derived,true,true,0,true,JP reference data
JP/ShareCfg/activity_shop_extra.json,lua_derived,true,true,0,true,JP reference data
JP/ShareCfg/activity_shop_template.json,lua_derived,true,true,0,true,JP reference data
JP/ShareCfg/activity_single_enemy.json,lua_derived,true,true,0,true,JP reference data
JP/ShareCfg/activity_single_event.json,lua_derived,true,true,0,true,JP reference data
JP/ShareCfg/activity_skirmish_event.json,lua_derived,true,true,0,true,JP reference data
JP/ShareCfg/activity_sp_story.json,lua_derived,true,true,0,true,JP reference data
JP/ShareCfg/activity_spring_couplets.json,lua_derived,true,true,0,true,JP reference data
JP/ShareCfg/activity_task_permanent.json,lua_derived,true,true,0,true,JP reference data
JP/ShareCfg/activity_template.json,lua_derived,true,true,0,true,JP reference data
JP/ShareCfg/activity_template_headhunting.json,lua_derived,true,true,0,true,JP reference data
JP/ShareCfg/activity_template_returnner.json,lua_derived,true,true,0,true,JP reference data
JP/ShareCfg/activity_tolove_jigsaw.json,lua_derived,true,true,0,true,JP reference data
JP/ShareCfg/activity_town_2.json,lua_derived,true,true,0,true,JP reference data
JP/ShareCfg/activity_town_collection_2.json,lua_derived,true,true,0,true,JP reference data
JP/ShareCfg/activity_town_level.json,lua_derived,true,true,0,true,JP reference data
JP/ShareCfg/activity_town_work_level.json,lua_derived,true,true,0,true,JP reference data
JP/ShareCfg/activity_town_work_level_2.json,lua_derived,true,true,0,true,JP reference data
JP/ShareCfg/activity_vote.json,lua_derived,true,true,0,true,JP reference data
JP/ShareCfg/activity_vote_virtual_ship_data.json,lua_derived,true,true,0,true,JP reference data
JP/ShareCfg/activity_workbench_item.json,lua_derived,true,true,0,true,JP reference data
JP/ShareCfg/activity_workbench_recipe.json,lua_derived,true,true,0,true,JP reference data
JP/ShareCfg/aircraft_template.json,lua_derived,true,true,0,true,JP reference data
JP/ShareCfg/arena_data_rank.json,lua_derived,true,true,0,true,JP reference data
JP/ShareCfg/arena_data_shop.json,lua_derived,true,true,0,true,JP reference data
JP/ShareCfg/arena_data_template.json,lua_derived,true,true,0,true,JP reference data
JP/ShareCfg/attribute_info_by_type.json,lua_derived,true,true,0,true,JP reference data
JP/ShareCfg/auto_pilot_template.json,lua_derived,true,true,0,true,JP reference data
JP/ShareCfg/backyard_theme_template.json,lua_derived,true,true,0,true,JP reference data
JP/ShareCfg/bar_card.json,lua_derived,true,true,0,true,JP reference data
JP/ShareCfg/barrage_template.json,lua_derived,true,true,0,true,JP reference data
JP/ShareCfg/battle_attribute_range.json,lua_derived,true,true,0,true,JP reference data
JP/ShareCfg/battle_cost_template.json,lua_derived,true,true,0,true,JP reference data
JP/ShareCfg/battle_environment_behaviour_template.json,lua_derived,true,true,0,true,JP reference data
JP/ShareCfg/battle_nodes_cfg.json,lua_derived,true,true,0,true,JP reference data
JP/ShareCfg/battlepass_event_award.json,lua_derived,true,true,0,true,JP reference data
JP/ShareCfg/battlepass_event_pt.json,lua_derived,true,true,0,true,JP reference data
JP/ShareCfg/battlepass_task_group.json,lua_derived,true,true,0,true,JP reference data
JP/ShareCfg/beat_game_music.json,lua_derived,true,true,0,true,JP reference data
JP/ShareCfg/benefit_buff_template.json,lua_derived,true,true,0,true,JP reference data
JP/ShareCfg/black_friday_battlepass_event_award.json,lua_derived,true,true,0,true,JP reference data
JP/ShareCfg/black_friday_battlepass_event_pt.json,lua_derived,true,true,0,true,JP reference data
JP/ShareCfg/black_friday_battlepass_task_group.json,lua_derived,true,true,0,true,JP reference data
JP/ShareCfg/blackfriday_shop_template.json,lua_derived,true,true,0,true,JP reference data
JP/ShareCfg/box_data_template.json,lua_derived,true,true,0,true,JP reference data
JP/ShareCfg/bullet_template.json,lua_derived,true,true,0,true,JP reference data
JP/ShareCfg/card_affix.json,lua_derived,true,true,0,true,JP reference data
JP/ShareCfg/card_template.json,lua_derived,true,true,0,true,JP reference data
JP/ShareCfg/cartoon.json,lua_derived,true,true,0,true,JP reference data
JP/ShareCfg/challenge_rate_template.json,lua_derived,true,true,0,true,JP reference data
JP/ShareCfg/chapter_boom.json,lua_derived,true,true,0,true,JP reference data
JP/ShareCfg/chapter_capture.json,lua_derived,true,true,0,true,JP reference data
JP/ShareCfg/chapter_defense.json,lua_derived,true,true,0,true,JP reference data
JP/ShareCfg/chapter_group_refresh.json,lua_derived,true,true,0,true,JP reference data
JP/ShareCfg/chapter_model_fog.json,lua_derived,true,true,0,true,JP reference data
JP/ShareCfg/chapter_model_multistageboss.json,lua_derived,true,true,0,true,JP reference data
JP/ShareCfg/chapter_pop_template.json,lua_derived,true,true,0,true,JP reference data
JP/ShareCfg/chapter_setting.json,lua_derived,true,true,0,true,JP reference data
JP/ShareCfg/chapter_status_effect.json,lua_derived,true,true,0,true,JP reference data
JP/ShareCfg/chapter_template.json,lua_derived,true,true,0,true,JP reference data
JP/ShareCfg/chapter_template_loop.json,lua_derived,true,true,0,true,JP reference data
JP/ShareCfg/character_voice.json,lua_derived,true,true,0,true,JP reference data
JP/ShareCfg/character_voice_special.json,lua_derived,true,true,0,true,JP reference data
JP/ShareCfg/child2_attr.json,lua_derived,true,true,0,true,JP reference data
JP/ShareCfg/child2_benefit.json,lua_derived,true,true,0,true,JP reference data
JP/ShareCfg/child2_benefit_list.json,lua_derived,true,true,0,true,JP reference data
JP/ShareCfg/child2_chat.json,lua_derived,true,true,0,true,JP reference data
JP/ShareCfg/child2_condition.json,lua_derived,true,true,0,true,JP reference data
JP/ShareCfg/child2_data.json,lua_derived,true,true,0,true,JP reference data
JP/ShareCfg/child2_ending.json,lua_derived,true,true,0,true,JP reference data
JP/ShareCfg/child2_memory.json,lua_derived,true,true,0,true,JP reference data
JP/ShareCfg/child2_minigame.json,lua_derived,true,true,0,true,JP reference data
JP/ShareCfg/child2_node.json,lua_derived,true,true,0,true,JP reference data
JP/ShareCfg/child2_plan.json,lua_derived,true,true,0,true,JP reference data
JP/ShareCfg/child2_polaroid.json,lua_derived,true,true,0,true,JP reference data
JP/ShareCfg/child2_resource.json,lua_derived,true,true,0,true,JP reference data
JP/ShareCfg/child2_round.json,lua_derived,true,true,0,true,JP reference data
JP/ShareCfg/child2_shop.json,lua_derived,true,true,0,true,JP reference data
JP/ShareCfg/child2_site_character.json,lua_derived,true,true,0,true,JP reference data
JP/ShareCfg/child2_site_display.json,lua_derived,true,true,0,true,JP reference data
JP/ShareCfg/child2_site_event_group.json,lua_derived,true,true,0,true,JP reference data
JP/ShareCfg/child2_site_normal.json,lua_derived,true,true,0,true,JP reference data
JP/ShareCfg/child2_target.json,lua_derived,true,true,0,true,JP reference data
JP/ShareCfg/child2_word.json,lua_derived,true,true,0,true,JP reference data
JP/ShareCfg/child_attr.json,lua_derived,true,true,0,true,JP reference data
JP/ShareCfg/child_buff.json,lua_derived,true,true,0,true,JP reference data
JP/ShareCfg/child_data.json,lua_derived,true,true,0,true,JP reference data
JP/ShareCfg/child_ending.json,lua_derived,true,true,0,true,JP reference data
JP/ShareCfg/child_event.json,lua_derived,true,true,0,true,JP reference data
JP/ShareCfg/child_event_special.json,lua_derived,true,true,0,true,JP reference data
JP/ShareCfg/child_item.json,lua_derived,true,true,0,true,JP reference data
JP/ShareCfg/child_memory.json,lua_derived,true,true,0,true,JP reference data
JP/ShareCfg/child_performance.json,lua_derived,true,true,0,true,JP reference data
JP/ShareCfg/child_plan.json,lua_derived,true,true,0,true,JP reference data
JP/ShareCfg/child_polaroid.json,lua_derived,true,true,0,true,JP reference data
JP/ShareCfg/child_resource.json,lua_derived,true,true,0,true,JP reference data
JP/ShareCfg/child_shop.json,lua_derived,true,true,0,true,JP reference data
JP/ShareCfg/child_shop_template.json,lua_derived,true,true,0,true,JP reference data
JP/ShareCfg/child_site.json,lua_derived,true,true,0,true,JP reference data
JP/ShareCfg/child_site_option.json,lua_derived,true,true,0,true,JP reference data
JP/ShareCfg/child_site_option_branch.json,lua_derived,true,true,0,true,JP reference data
JP/ShareCfg/child_target_set.json,lua_derived,true,true,0,true,JP reference data
JP/ShareCfg/child_task.json,lua_derived,true,true,0,true,JP reference data
JP/ShareCfg/child_word.json,lua_derived,true,true,0,true,JP reference data
JP/ShareCfg/class_upgrade_group.json,lua_derived,true,true,0,true,JP reference data
JP/ShareCfg/class_upgrade_template.json,lua_derived,true,true,0,true,JP reference data
JP/ShareCfg/collection_template.json,lua_derived,true,true,0,true,JP reference data
JP/ShareCfg/commander_ability_group.json,lua_derived,true,true,0,true,JP reference data
JP/ShareCfg/commander_ability_template.json,lua_derived,true,true,0,true,JP reference data
JP/ShareCfg/commander_attribute_template.json,lua_derived,true,true,0,true,JP reference data
JP/ShareCfg/commander_data_create_material.json,lua_derived,true,true,0,true,JP reference data
JP/ShareCfg/commander_data_template.json,lua_derived,true,true,0,true,JP reference data
JP/ShareCfg/commander_home.json,lua_derived,true,true,0,true,JP reference data
JP/ShareCfg/commander_home_style.json,lua_derived,true,true,0,true,JP reference data
JP/ShareCfg/commander_level.json,lua_derived,true,true,0,true,JP reference data
JP/ShareCfg/commander_skill_effect_template.json,lua_derived,true,true,0,true,JP reference data
JP/ShareCfg/commander_skill_template.json,lua_derived,true,true,0,true,JP reference data
JP/ShareCfg/compose_data_template.json,lua_derived,true,true,0,true,JP reference data
JP/ShareCfg/constellation_challenge_month.json,lua_derived,true,true,0,true,JP reference data
JP/ShareCfg/dorm3_d_dolly.json,lua_derived,true,true,0,true,JP reference data
JP/ShareCfg/dorm3d_accompany.json,lua_derived,true,true,0,true,JP reference data
JP/ShareCfg/dorm3d_anim_extraitem.json,lua_derived,true,true,0,true,JP reference data
JP/ShareCfg/dorm3d_camera_anim_template.json,lua_derived,true,true,0,true,JP reference data
JP/ShareCfg/dorm3d_camera_photo_frame.json,lua_derived,true,true,0,true,JP reference data
JP/ShareCfg/dorm3d_camera_volume_template.json,lua_derived,true,true,0,true,JP reference data
JP/ShareCfg/dorm3d_camera_zone_template.json,lua_derived,true,true,0,true,JP reference data
JP/ShareCfg/dorm3d_clickable_item.json,lua_derived,true,true,0,true,JP reference data
JP/ShareCfg/dorm3d_collection_template.json,lua_derived,true,true,0,true,JP reference data
JP/ShareCfg/dorm3d_dance.json,lua_derived,true,true,0,true,JP reference data
JP/ShareCfg/dorm3d_dance_cucoloris.json,lua_derived,true,true,0,true,JP reference data
JP/ShareCfg/dorm3d_default_hidden_part.json,lua_derived,true,true,0,true,JP reference data
JP/ShareCfg/dorm3d_dialogue_group.json,lua_derived,true,true,0,true,JP reference data
JP/ShareCfg/dorm3d_dorm_template.json,lua_derived,true,true,0,true,JP reference data
JP/ShareCfg/dorm3d_favor.json,lua_derived,true,true,0,true,JP reference data
JP/ShareCfg/dorm3d_favor_trigger.json,lua_derived,true,true,0,true,JP reference data
JP/ShareCfg/dorm3d_furniture_slot_template.json,lua_derived,true,true,0,true,JP reference data
JP/ShareCfg/dorm3d_furniture_template.json,lua_derived,true,true,0,true,JP reference data
JP/ShareCfg/dorm3d_gift.json,lua_derived,true,true,0,true,JP reference data
JP/ShareCfg/dorm3d_graphic_setting.json,lua_derived,true,true,0,true,JP reference data
JP/ShareCfg/dorm3d_holylight.json,lua_derived,true,true,0,true,JP reference data
JP/ShareCfg/dorm3d_ik.json,lua_derived,true,true,0,true,JP reference data
JP/ShareCfg/dorm3d_ik_status.json,lua_derived,true,true,0,true,JP reference data
JP/ShareCfg/dorm3d_ik_timeline.json,lua_derived,true,true,0,true,JP reference data
JP/ShareCfg/dorm3d_ik_timeline_controller.json,lua_derived,true,true,0,true,JP reference data
JP/ShareCfg/dorm3d_ik_timeline_status.json,lua_derived,true,true,0,true,JP reference data
JP/ShareCfg/dorm3d_ik_touch.json,lua_derived,true,true,0,true,JP reference data
JP/ShareCfg/dorm3d_ik_touch_move.json,lua_derived,true,true,0,true,JP reference data
JP/ShareCfg/dorm3d_ins_chat_group.json,lua_derived,true,true,0,true,JP reference data
JP/ShareCfg/dorm3d_ins_chat_language.json,lua_derived,true,true,0,true,JP reference data
JP/ShareCfg/dorm3d_ins_language.json,lua_derived,true,true,0,true,JP reference data
JP/ShareCfg/dorm3d_ins_npc_template.json,lua_derived,true,true,0,true,JP reference data
JP/ShareCfg/dorm3d_ins_player_template.json,lua_derived,true,true,0,true,JP reference data
JP/ShareCfg/dorm3d_ins_redpackage.json,lua_derived,true,true,0,true,JP reference data
JP/ShareCfg/dorm3d_ins_ship_group_template.json,lua_derived,true,true,0,true,JP reference data
JP/ShareCfg/dorm3d_ins_telephone_group.json,lua_derived,true,true,0,true,JP reference data
JP/ShareCfg/dorm3d_ins_template.json,lua_derived,true,true,0,true,JP reference data
JP/ShareCfg/dorm3d_ins_unlock.json,lua_derived,true,true,0,true,JP reference data
JP/ShareCfg/dorm3d_minigame.json,lua_derived,true,true,0,true,JP reference data
JP/ShareCfg/dorm3d_minigame_slide.json,lua_derived,true,true,0,true,JP reference data
JP/ShareCfg/dorm3d_recall.json,lua_derived,true,true,0,true,JP reference data
JP/ShareCfg/dorm3d_resource.json,lua_derived,true,true,0,true,JP reference data
JP/ShareCfg/dorm3d_rooms.json,lua_derived,true,true,0,true,JP reference data
JP/ShareCfg/dorm3d_scene_animator.json,lua_derived,true,true,0,true,JP reference data
JP/ShareCfg/dorm3d_set.json,lua_derived,true,true,0,true,JP reference data
JP/ShareCfg/dorm3d_shop_template.json,lua_derived,true,true,0,true,JP reference data
JP/ShareCfg/dorm3d_slide_command.json,lua_derived,true,true,0,true,JP reference data
JP/ShareCfg/dorm3d_stocking.json,lua_derived,true,true,0,true,JP reference data
JP/ShareCfg/dorm3d_stocking_trigger.json,lua_derived,true,true,0,true,JP reference data
JP/ShareCfg/dorm3d_subtitle.json,lua_derived,true,true,0,true,JP reference data
JP/ShareCfg/dorm3d_teleport.json,lua_derived,true,true,0,true,JP reference data
JP/ShareCfg/dorm3d_timeline_dynamic_binding.json,lua_derived,true,true,0,true,JP reference data
JP/ShareCfg/dorm3d_touch_data.json,lua_derived,true,true,0,true,JP reference data
JP/ShareCfg/dorm3d_volleyball.json,lua_derived,true,true,0,true,JP reference data
JP/ShareCfg/dorm3d_welcome.json,lua_derived,true,true,0,true,JP reference data
JP/ShareCfg/dorm3d_zone_template.json,lua_derived,true,true,0,true,JP reference data
JP/ShareCfg/dorm_data_template.json,lua_derived,true,true,0,true,JP reference data
JP/ShareCfg/draw_data_template.json,lua_derived,true,true,0,true,JP reference data
JP/ShareCfg/drop_data_restore.json,lua_derived,true,true,0,true,JP reference data
JP/ShareCfg/effect_offset.json,lua_derived,true,true,0,true,JP reference data
JP/ShareCfg/emoji_small_template.json,lua_derived,true,true,0,true,JP reference data
JP/ShareCfg/emoji_template.json,lua_derived,true,true,0,true,JP reference data
JP/ShareCfg/enemy_data_by_type.json,lua_derived,true,true,0,true,JP reference data
JP/ShareCfg/enemy_data_skill.json,lua_derived,true,true,0,true,JP reference data
JP/ShareCfg/enemy_data_statistics.json,lua_derived,true,true,0,true,JP reference data
JP/ShareCfg/energy_template.json,lua_derived,true,true,0,true,JP reference data
JP/ShareCfg/equip_bullet_type.json,lua_derived,true,true,0,true,JP reference data
JP/ShareCfg/equip_data_by_quality.json,lua_derived,true,true,0,true,JP reference data
JP/ShareCfg/equip_data_by_type.json,lua_derived,true,true,0,true,JP reference data
JP/ShareCfg/equip_data_code.json,lua_derived,true,true,0,true,JP reference data
JP/ShareCfg/equip_data_statistics.json,lua_derived,true,true,0,true,JP reference data
JP/ShareCfg/equip_data_template.json,lua_derived,true,true,0,true,JP reference data
JP/ShareCfg/equip_skin_template.json,lua_derived,true,true,0,true,JP reference data
JP/ShareCfg/equip_skin_theme_template.json,lua_derived,true,true,0,true,JP reference data
JP/ShareCfg/equip_upgrade_data.json,lua_derived,true,true,0,true,JP reference data
JP/ShareCfg/equip_upgrade_template.json,lua_derived,true,true,0,true,JP reference data
JP/ShareCfg/error_message.json,lua_derived,true,true,0,true,JP reference data
JP/ShareCfg/escort_map_template.json,lua_derived,true,true,0,true,JP reference data
JP/ShareCfg/escort_template.json,lua_derived,true,true,0,true,JP reference data
JP/ShareCfg/expedition_activity_template.json,lua_derived,true,true,0,true,JP reference data
JP/ShareCfg/expedition_challenge_template.json,lua_derived,true,true,0,true,JP reference data
JP/ShareCfg/expedition_cloud_template.json,lua_derived,true,true,0,true,JP reference data
JP/ShareCfg/expedition_constellation_challenge_template.json,lua_derived,true,true,0,true,JP reference data
JP/ShareCfg/expedition_daily_template.json,lua_derived,true,true,0,true,JP reference data
JP/ShareCfg/expedition_data_by_chapter.json,lua_derived,true,true,0,true,JP reference data
JP/ShareCfg/expedition_data_by_map.json,lua_derived,true,true,0,true,JP reference data
JP/ShareCfg/expedition_data_template.json,lua_derived,true,true,0,true,JP reference data
JP/ShareCfg/expedition_island_template.json,lua_derived,true,true,0,true,JP reference data
JP/ShareCfg/extraenemy_challenge_template.json,lua_derived,true,true,0,true,JP reference data
JP/ShareCfg/extraenemy_series_template.json,lua_derived,true,true,0,true,JP reference data
JP/ShareCfg/extraenemy_template.json,lua_derived,true,true,0,true,JP reference data
JP/ShareCfg/fleet_tech_group.json,lua_derived,true,true,0,true,JP reference data
JP/ShareCfg/fleet_tech_ship_class.json,lua_derived,true,true,0,true,JP reference data
JP/ShareCfg/fleet_tech_ship_template.json,lua_derived,true,true,0,true,JP reference data
JP/ShareCfg/fleet_tech_template.json,lua_derived,true,true,0,true,JP reference data
JP/ShareCfg/formation_template.json,lua_derived,true,true,0,true,JP reference data
JP/ShareCfg/frame_resource.json,lua_derived,true,true,0,true,JP reference data
JP/ShareCfg/friendly_data_template.json,lua_derived,true,true,0,true,JP reference data
JP/ShareCfg/furniture_compose_template.json,lua_derived,true,true,0,true,JP reference data
JP/ShareCfg/furniture_data_template.json,lua_derived,true,true,0,true,JP reference data
JP/ShareCfg/furniture_init_data_template.json,lua_derived,true,true,0,true,JP reference data
JP/ShareCfg/furniture_shop_template.json,lua_derived,true,true,0,true,JP reference data
JP/ShareCfg/furniture_specail_action.json,lua_derived,true,true,0,true,JP reference data
JP/ShareCfg/gallery_config.json,lua_derived,true,true,0,true,JP reference data
JP/ShareCfg/game_room_template.json,lua_derived,true,true,0,true,JP reference data
JP/ShareCfg/gameroom_shop_template.json,lua_derived,true,true,0,true,JP reference data
JP/ShareCfg/gameset.json,lua_derived,true,true,0,true,JP reference data
JP/ShareCfg/gameset_language_client.json,lua_derived,true,true,0,true,JP reference data
JP/ShareCfg/gametip.json,lua_derived,true,true,0,true,JP reference data
JP/ShareCfg/gift_group.json,lua_derived,true,true,0,true,JP reference data
JP/ShareCfg/gift_key_sp.json,lua_derived,true,true,0,true,JP reference data
JP/ShareCfg/guardian_template.json,lua_derived,true,true,0,true,JP reference data
JP/ShareCfg/guild_base_event.json,lua_derived,true,true,0,true,JP reference data
JP/ShareCfg/guild_boss_event.json,lua_derived,true,true,0,true,JP reference data
JP/ShareCfg/guild_contribution_template.json,lua_derived,true,true,0,true,JP reference data
JP/ShareCfg/guild_data_level.json,lua_derived,true,true,0,true,JP reference data
JP/ShareCfg/guild_event_node.json,lua_derived,true,true,0,true,JP reference data
JP/ShareCfg/guild_mission_template.json,lua_derived,true,true,0,true,JP reference data
JP/ShareCfg/guild_operation_template.json,lua_derived,true,true,0,true,JP reference data
JP/ShareCfg/guild_store.json,lua_derived,true,true,0,true,JP reference data
JP/ShareCfg/guild_technology_template.json,lua_derived,true,true,0,true,JP reference data
JP/ShareCfg/guildset.json,lua_derived,true,true,0,true,JP reference data
JP/ShareCfg/honormedal_goods_list.json,lua_derived,true,true,0,true,JP reference data
JP/ShareCfg/illustrator.json,lua_derived,true,true,0,true,JP reference data
JP/ShareCfg/inform_cfg.json,lua_derived,true,true,0,true,JP reference data
JP/ShareCfg/inform_for_back_yard_theme_template_cfg.json,lua_derived,true,true,0,true,JP reference data
JP/ShareCfg/intimacy_template.json,lua_derived,true,true,0,true,JP reference data
JP/ShareCfg/island_ability_template.json,lua_derived,true,true,0,true,JP reference data
JP/ShareCfg/island_achievement.json,lua_derived,true,true,0,true,JP reference data
JP/ShareCfg/island_achievement_group.json,lua_derived,true,true,0,true,JP reference data
JP/ShareCfg/island_action.json,lua_derived,true,true,0,true,JP reference data
JP/ShareCfg/island_action_feedback.json,lua_derived,true,true,0,true,JP reference data
JP/ShareCfg/island_activity_pt_page.json,lua_derived,true,true,0,true,JP reference data
JP/ShareCfg/island_activity_template.json,lua_derived,true,true,0,true,JP reference data
JP/ShareCfg/island_animation_attachments.json,lua_derived,true,true,0,true,JP reference data
JP/ShareCfg/island_banner.json,lua_derived,true,true,0,true,JP reference data
JP/ShareCfg/island_buff_template.json,lua_derived,true,true,0,true,JP reference data
JP/ShareCfg/island_camera_photo_frame.json,lua_derived,true,true,0,true,JP reference data
JP/ShareCfg/island_card_diy.json,lua_derived,true,true,0,true,JP reference data
JP/ShareCfg/island_card_label.json,lua_derived,true,true,0,true,JP reference data
JP/ShareCfg/island_chara_att.json,lua_derived,true,true,0,true,JP reference data
JP/ShareCfg/island_chara_level.json,lua_derived,true,true,0,true,JP reference data
JP/ShareCfg/island_chara_skill.json,lua_derived,true,true,0,true,JP reference data
JP/ShareCfg/island_chara_template.json,lua_derived,true,true,0,true,JP reference data
JP/ShareCfg/island_collect_fragment.json,lua_derived,true,true,0,true,JP reference data
JP/ShareCfg/island_collection.json,lua_derived,true,true,0,true,JP reference data
JP/ShareCfg/island_collection_reward.json,lua_derived,true,true,0,true,JP reference data
JP/ShareCfg/island_combo.json,lua_derived,true,true,0,true,JP reference data
JP/ShareCfg/island_couple_word.json,lua_derived,true,true,0,true,JP reference data
JP/ShareCfg/island_dialogue.json,lua_derived,true,true,0,true,JP reference data
JP/ShareCfg/island_draw.json,lua_derived,true,true,0,true,JP reference data
JP/ShareCfg/island_draw_reward.json,lua_derived,true,true,0,true,JP reference data
JP/ShareCfg/island_dress_colordiff_template.json,lua_derived,true,true,0,true,JP reference data
JP/ShareCfg/island_dress_commander.json,lua_derived,true,true,0,true,JP reference data
JP/ShareCfg/island_dress_template.json,lua_derived,true,true,0,true,JP reference data
JP/ShareCfg/island_drop_time_set.json,lua_derived,true,true,0,true,JP reference data
JP/ShareCfg/island_exchange_group.json,lua_derived,true,true,0,true,JP reference data
JP/ShareCfg/island_exchange_template.json,lua_derived,true,true,0,true,JP reference data
JP/ShareCfg/island_farm_seed.json,lua_derived,true,true,0,true,JP reference data
JP/ShareCfg/island_fish.json,lua_derived,true,true,0,true,JP reference data
JP/ShareCfg/island_fish_point.json,lua_derived,true,true,0,true,JP reference data
JP/ShareCfg/island_fish_rod.json,lua_derived,true,true,0,true,JP reference data
JP/ShareCfg/island_formula.json,lua_derived,true,true,0,true,JP reference data
JP/ShareCfg/island_furniture_template.json,lua_derived,true,true,0,true,JP reference data
JP/ShareCfg/island_furniture_theme.json,lua_derived,true,true,0,true,JP reference data
JP/ShareCfg/island_illustrated_guide.json,lua_derived,true,true,0,true,JP reference data
JP/ShareCfg/island_integral_rank.json,lua_derived,true,true,0,true,JP reference data
JP/ShareCfg/island_interact_point.json,lua_derived,true,true,0,true,JP reference data
JP/ShareCfg/island_interaction.json,lua_derived,true,true,0,true,JP reference data
JP/ShareCfg/island_item_data_template.json,lua_derived,true,true,0,true,JP reference data
JP/ShareCfg/island_item_timeline.json,lua_derived,true,true,0,true,JP reference data
JP/ShareCfg/island_level.json,lua_derived,true,true,0,true,JP reference data
JP/ShareCfg/island_main_btns.json,lua_derived,true,true,0,true,JP reference data
JP/ShareCfg/island_manage_assistant.json,lua_derived,true,true,0,true,JP reference data
JP/ShareCfg/island_manage_event.json,lua_derived,true,true,0,true,JP reference data
JP/ShareCfg/island_manage_rank.json,lua_derived,true,true,0,true,JP reference data
JP/ShareCfg/island_manage_restaurant.json,lua_derived,true,true,0,true,JP reference data
JP/ShareCfg/island_map.json,lua_derived,true,true,0,true,JP reference data
JP/ShareCfg/island_map_details.json,lua_derived,true,true,0,true,JP reference data
JP/ShareCfg/island_minigame_template.json,lua_derived,true,true,0,true,JP reference data
JP/ShareCfg/island_npc_hud.json,lua_derived,true,true,0,true,JP reference data
JP/ShareCfg/island_order.json,lua_derived,true,true,0,true,JP reference data
JP/ShareCfg/island_order_favor.json,lua_derived,true,true,0,true,JP reference data
JP/ShareCfg/island_order_list.json,lua_derived,true,true,0,true,JP reference data
JP/ShareCfg/island_order_position.json,lua_derived,true,true,0,true,JP reference data
JP/ShareCfg/island_order_price.json,lua_derived,true,true,0,true,JP reference data
JP/ShareCfg/island_order_publish_random.json,lua_derived,true,true,0,true,JP reference data
JP/ShareCfg/island_production_commission.json,lua_derived,true,true,0,true,JP reference data
JP/ShareCfg/island_production_farm.json,lua_derived,true,true,0,true,JP reference data
JP/ShareCfg/island_production_mining.json,lua_derived,true,true,0,true,JP reference data
JP/ShareCfg/island_production_place.json,lua_derived,true,true,0,true,JP reference data
JP/ShareCfg/island_production_point.json,lua_derived,true,true,0,true,JP reference data
JP/ShareCfg/island_production_slot.json,lua_derived,true,true,0,true,JP reference data
JP/ShareCfg/island_prosperity.json,lua_derived,true,true,0,true,JP reference data
JP/ShareCfg/island_ranch_animal.json,lua_derived,true,true,0,true,JP reference data
JP/ShareCfg/island_scene_timeline.json,lua_derived,true,true,0,true,JP reference data
JP/ShareCfg/island_season.json,lua_derived,true,true,0,true,JP reference data
JP/ShareCfg/island_set.json,lua_derived,true,true,0,true,JP reference data
JP/ShareCfg/island_shop_banner.json,lua_derived,true,true,0,true,JP reference data
JP/ShareCfg/island_shop_goods.json,lua_derived,true,true,0,true,JP reference data
JP/ShareCfg/island_shop_normal_template.json,lua_derived,true,true,0,true,JP reference data
JP/ShareCfg/island_shop_template.json,lua_derived,true,true,0,true,JP reference data
JP/ShareCfg/island_shop_temporary_template.json,lua_derived,true,true,0,true,JP reference data
JP/ShareCfg/island_skin_colordiff_template.json,lua_derived,true,true,0,true,JP reference data
JP/ShareCfg/island_skin_template.json,lua_derived,true,true,0,true,JP reference data
JP/ShareCfg/island_speedup_ticket.json,lua_derived,true,true,0,true,JP reference data
JP/ShareCfg/island_storage_filter_template.json,lua_derived,true,true,0,true,JP reference data
JP/ShareCfg/island_storage_level.json,lua_derived,true,true,0,true,JP reference data
JP/ShareCfg/island_strollnpc.json,lua_derived,true,true,0,true,JP reference data
JP/ShareCfg/island_task.json,lua_derived,true,true,0,true,JP reference data
JP/ShareCfg/island_task_target.json,lua_derived,true,true,0,true,JP reference data
JP/ShareCfg/island_technology_template.json,lua_derived,true,true,0,true,JP reference data
JP/ShareCfg/island_unit_character.json,lua_derived,true,true,0,true,JP reference data
JP/ShareCfg/island_unit_interactive_item.json,lua_derived,true,true,0,true,JP reference data
JP/ShareCfg/island_unit_item.json,lua_derived,true,true,0,true,JP reference data
JP/ShareCfg/island_waypoint.json,lua_derived,true,true,0,true,JP reference data
JP/ShareCfg/island_wild_gather.json,lua_derived,true,true,0,true,JP reference data
JP/ShareCfg/island_world_objects.json,lua_derived,true,true,0,true,JP reference data
JP/ShareCfg/item_data_battleui.json,lua_derived,true,true,0,true,JP reference data
JP/ShareCfg/item_data_chat.json,lua_derived,true,true,0,true,JP reference data
JP/ShareCfg/item_data_frame.json,lua_derived,true,true,0,true,JP reference data
JP/ShareCfg/item_data_statistics.json,lua_derived,true,true,0,true,JP reference data
JP/ShareCfg/item_data_template.json,lua_derived,true,true,0,true,JP reference data
JP/ShareCfg/item_lack.json,lua_derived,true,true,0,true,JP reference data
JP/ShareCfg/item_medal_fetch.json,lua_derived,true,true,0,true,JP reference data
JP/ShareCfg/item_usage_invitation.json,lua_derived,true,true,0,true,JP reference data
JP/ShareCfg/item_virtual_data_statistics.json,lua_derived,true,true,0,true,JP reference data
JP/ShareCfg/l2dhx.json,lua_derived,true,true,0,true,JP reference data
JP/ShareCfg/land_based_template.json,lua_derived,true,true,0,true,JP reference data
JP/ShareCfg/livingarea_cover.json,lua_derived,true,true,0,true,JP reference data
JP/ShareCfg/login.json,lua_derived,true,true,0,true,JP reference data
JP/ShareCfg/loveletter_2018_2021.json,lua_derived,true,true,0,true,JP reference data
JP/ShareCfg/lover_badge.json,lua_derived,true,true,0,true,JP reference data
JP/ShareCfg/lover_character_template.json,lua_derived,true,true,0,true,JP reference data
JP/ShareCfg/lover_letter_content.json,lua_derived,true,true,0,true,JP reference data
JP/ShareCfg/lover_nation.json,lua_derived,true,true,0,true,JP reference data
JP/ShareCfg/lover_reward.json,lua_derived,true,true,0,true,JP reference data
JP/ShareCfg/mail_storeroom.json,lua_derived,true,true,0,true,JP reference data
JP/ShareCfg/map_data.json,lua_derived,true,true,0,true,JP reference data
JP/ShareCfg/map_event_list.json,lua_derived,true,true,0,true,JP reference data
JP/ShareCfg/map_event_template.json,lua_derived,true,true,0,true,JP reference data
JP/ShareCfg/medal_template.json,lua_derived,true,true,0,true,JP reference data
JP/ShareCfg/memory_group.json,lua_derived,true,true,0,true,JP reference data
JP/ShareCfg/memory_storyline.json,lua_derived,true,true,0,true,JP reference data
JP/ShareCfg/memory_template.json,lua_derived,true,true,0,true,JP reference data
JP/ShareCfg/mini_game.json,lua_derived,true,true,0,true,JP reference data
JP/ShareCfg/mini_game_hub.json,lua_derived,true,true,0,true,JP reference data
JP/ShareCfg/mode_room.json,lua_derived,true,true,0,true,JP reference data
JP/ShareCfg/month_shop_template.json,lua_derived,true,true,0,true,JP reference data
JP/ShareCfg/music_album.json,lua_derived,true,true,0,true,JP reference data
JP/ShareCfg/music_collect_config.json,lua_derived,true,true,0,true,JP reference data
JP/ShareCfg/name_code.json,lua_derived,true,true,0,true,JP reference data
JP/ShareCfg/naval_academy_theme.json,lua_derived,true,true,0,true,JP reference data
JP/ShareCfg/navalacademy_data_template.json,lua_derived,true,true,0,true,JP reference data
JP/ShareCfg/navalacademy_shoppingstreet_template.json,lua_derived,true,true,0,true,JP reference data
JP/ShareCfg/newserver_shop_template.json,lua_derived,true,true,0,true,JP reference data
JP/ShareCfg/npc_squad_template.json,lua_derived,true,true,0,true,JP reference data
JP/ShareCfg/oilfield_template.json,lua_derived,true,true,0,true,JP reference data
JP/ShareCfg/open_systems_limited.json,lua_derived,true,true,0,true,JP reference data
JP/ShareCfg/painting_filte_map.json,lua_derived,true,true,0,true,JP reference data
JP/ShareCfg/painting_filte_world.json,lua_derived,true,true,0,true,JP reference data
JP/ShareCfg/pay_data_display.json,lua_derived,true,true,0,true,JP reference data
JP/ShareCfg/pay_level_award.json,lua_derived,true,true,0,true,JP reference data
JP/ShareCfg/player_resource.json,lua_derived,true,true,0,true,JP reference data
JP/ShareCfg/property_data_template.json,lua_derived,true,true,0,true,JP reference data
JP/ShareCfg/push_data_template.json,lua_derived,true,true,0,true,JP reference data
JP/ShareCfg/puzzle_card_affix.json,lua_derived,true,true,0,true,JP reference data
JP/ShareCfg/puzzle_card_template.json,lua_derived,true,true,0,true,JP reference data
JP/ShareCfg/puzzle_combat_template.json,lua_derived,true,true,0,true,JP reference data
JP/ShareCfg/puzzle_relics_effect.json,lua_derived,true,true,0,true,JP reference data
JP/ShareCfg/puzzle_relics_template.json,lua_derived,true,true,0,true,JP reference data
JP/ShareCfg/puzzle_ship_template.json,lua_derived,true,true,0,true,JP reference data
JP/ShareCfg/quota_shop_template.json,lua_derived,true,true,0,true,JP reference data
JP/ShareCfg/re_map_template.json,lua_derived,true,true,0,true,JP reference data
JP/ShareCfg/recommend_shop.json,lua_derived,true,true,0,true,JP reference data
JP/ShareCfg/return_giftpack_template.json,lua_derived,true,true,0,true,JP reference data
JP/ShareCfg/return_pt_template.json,lua_derived,true,true,0,true,JP reference data
JP/ShareCfg/return_sign_template.json,lua_derived,true,true,0,true,JP reference data
JP/ShareCfg/return_task_template.json,lua_derived,true,true,0,true,JP reference data
JP/ShareCfg/roll_attr.json,lua_derived,true,true,0,true,JP reference data
JP/ShareCfg/secretary_special_ship.json,lua_derived,true,true,0,true,JP reference data
JP/ShareCfg/secretary_special_ship_expression.json,lua_derived,true,true,0,true,JP reference data
JP/ShareCfg/server_language.json,lua_derived,true,true,0,true,JP reference data
JP/ShareCfg/settings_other_template.json,lua_derived,true,true,0,true,JP reference data
JP/ShareCfg/shake_template.json,lua_derived,true,true,0,true,JP reference data
JP/ShareCfg/sham_battle_template.json,lua_derived,true,true,0,true,JP reference data
JP/ShareCfg/share_template.json,lua_derived,true,true,0,true,JP reference data
JP/ShareCfg/ship_data_blueprint.json,lua_derived,true,true,0,true,JP reference data
JP/ShareCfg/ship_data_breakout.json,lua_derived,true,true,0,true,JP reference data
JP/ShareCfg/ship_data_by_star.json,lua_derived,true,true,0,true,JP reference data
JP/ShareCfg/ship_data_by_type.json,lua_derived,true,true,0,true,JP reference data
JP/ShareCfg/ship_data_create_exchange.json,lua_derived,true,true,0,true,JP reference data
JP/ShareCfg/ship_data_create_material.json,lua_derived,true,true,0,true,JP reference data
JP/ShareCfg/ship_data_group.json,lua_derived,true,true,0,true,JP reference data
JP/ShareCfg/ship_data_personality.json,lua_derived,true,true,0,true,JP reference data
JP/ShareCfg/ship_data_statistics.json,lua_derived,true,true,0,true,JP reference data
JP/ShareCfg/ship_data_strengthen.json,lua_derived,true,true,0,true,JP reference data
JP/ShareCfg/ship_data_template.json,lua_derived,true,true,0,true,JP reference data
JP/ShareCfg/ship_data_trans.json,lua_derived,true,true,0,true,JP reference data
JP/ShareCfg/ship_l2d.json,lua_derived,true,true,0,true,JP reference data
JP/ShareCfg/ship_l2d_tips.json,lua_derived,true,true,0,true,JP reference data
JP/ShareCfg/ship_level.json,lua_derived,true,true,0,true,JP reference data
JP/ShareCfg/ship_meta_breakout.json,lua_derived,true,true,0,true,JP reference data
JP/ShareCfg/ship_meta_repair.json,lua_derived,true,true,0,true,JP reference data
JP/ShareCfg/ship_meta_repair_effect.json,lua_derived,true,true,0,true,JP reference data
JP/ShareCfg/ship_meta_skilltask.json,lua_derived,true,true,0,true,JP reference data
JP/ShareCfg/ship_skin_expression.json,lua_derived,true,true,0,true,JP reference data
JP/ShareCfg/ship_skin_expression_ex.json,lua_derived,true,true,0,true,JP reference data
JP/ShareCfg/ship_skin_newmainui_shift.json,lua_derived,true,true,0,true,JP reference data
JP/ShareCfg/ship_skin_reward.json,lua_derived,true,true,0,true,JP reference data
JP/ShareCfg/ship_skin_template.json,lua_derived,true,true,0,true,JP reference data
JP/ShareCfg/ship_skin_template_column_time.json,lua_derived,true,true,0,true,JP reference data
JP/ShareCfg/ship_skin_words.json,lua_derived,true,true,0,true,JP reference data
JP/ShareCfg/ship_skin_words_add.json,lua_derived,true,true,0,true,JP reference data
JP/ShareCfg/ship_skin_words_extra.json,lua_derived,true,true,0,true,JP reference data
JP/ShareCfg/ship_spine_shift.json,lua_derived,true,true,0,true,JP reference data
JP/ShareCfg/ship_strengthen_blueprint.json,lua_derived,true,true,0,true,JP reference data
JP/ShareCfg/ship_strengthen_meta.json,lua_derived,true,true,0,true,JP reference data
JP/ShareCfg/ship_transform.json,lua_derived,true,true,0,true,JP reference data
JP/ShareCfg/shop_banner_template.json,lua_derived,true,true,0,true,JP reference data
JP/ShareCfg/shop_discount_coupon_template.json,lua_derived,true,true,0,true,JP reference data
JP/ShareCfg/shop_furniture_relation.json,lua_derived,true,true,0,true,JP reference data
JP/ShareCfg/shop_template.json,lua_derived,true,true,0,true,JP reference data
JP/ShareCfg/skill_benefit_template.json,lua_derived,true,true,0,true,JP reference data
JP/ShareCfg/skill_data_display.json,lua_derived,true,true,0,true,JP reference data
JP/ShareCfg/skill_data_template.json,lua_derived,true,true,0,true,JP reference data
JP/ShareCfg/skill_need_exp.json,lua_derived,true,true,0,true,JP reference data
JP/ShareCfg/skill_world_display.json,lua_derived,true,true,0,true,JP reference data
JP/ShareCfg/skin_page_template.json,lua_derived,true,true,0,true,JP reference data
JP/ShareCfg/skinshop_spine_scale.json,lua_derived,true,true,0,true,JP reference data
JP/ShareCfg/soundstory_template.json,lua_derived,true,true,0,true,JP reference data
JP/ShareCfg/specialunit_template.json,lua_derived,true,true,0,true,JP reference data
JP/ShareCfg/spweapon_data_statistics.json,lua_derived,true,true,0,true,JP reference data
JP/ShareCfg/spweapon_type.json,lua_derived,true,true,0,true,JP reference data
JP/ShareCfg/spweapon_upgrade.json,lua_derived,true,true,0,true,JP reference data
JP/ShareCfg/storeup_data_template.json,lua_derived,true,true,0,true,JP reference data
JP/ShareCfg/story_group.json,lua_derived,true,true,0,true,JP reference data
JP/ShareCfg/story_template.json,lua_derived,true,true,0,true,JP reference data
JP/ShareCfg/strategy_data_template.json,lua_derived,true,true,0,true,JP reference data
JP/ShareCfg/survey_data_template.json,lua_derived,true,true,0,true,JP reference data
JP/ShareCfg/task_data_template.json,lua_derived,true,true,0,true,JP reference data
JP/ShareCfg/task_data_trigger.json,lua_derived,true,true,0,true,JP reference data
JP/ShareCfg/task_meta_data_template.json,lua_derived,true,true,0,true,JP reference data
JP/ShareCfg/technology_catchup_template.json,lua_derived,true,true,0,true,JP reference data
JP/ShareCfg/technology_data_template.json,lua_derived,true,true,0,true,JP reference data
JP/ShareCfg/technology_shadow_unlock.json,lua_derived,true,true,0,true,JP reference data
JP/ShareCfg/tradingport_template.json,lua_derived,true,true,0,true,JP reference data
JP/ShareCfg/transform_data_template.json,lua_derived,true,true,0,true,JP reference data
JP/ShareCfg/tutorial_handbook.json,lua_derived,true,true,0,true,JP reference data
JP/ShareCfg/tutorial_handbook_task.json,lua_derived,true,true,0,true,JP reference data
JP/ShareCfg/user_level.json,lua_derived,true,true,0,true,JP reference data
JP/ShareCfg/voice_actor_cn.json,lua_derived,true,true,0,true,JP reference data
JP/ShareCfg/voice_bgm.json,lua_derived,true,true,0,true,JP reference data
JP/ShareCfg/vote_champion.json,lua_derived,true,true,0,true,JP reference data
JP/ShareCfg/weapon_name.json,lua_derived,true,true,0,true,JP reference data
JP/ShareCfg/weapon_property.json,lua_derived,true,true,0,true,JP reference data
JP/ShareCfg/weather_data_template.json,lua_derived,true,true,0,true,JP reference data
JP/ShareCfg/weekly_task_template.json,lua_derived,true,true,0,true,JP reference data
JP/ShareCfg/word_legal_template.json,lua_derived,true,true,0,true,JP reference data
JP/ShareCfg/word_template.json,lua_derived,true,true,0,true,JP reference data
JP/ShareCfg/world_boss_level.json,lua_derived,true,true,0,true,JP reference data
JP/ShareCfg/world_carry_item.json,lua_derived,true,true,0,true,JP reference data
JP/ShareCfg/world_catsearch_node.json,lua_derived,true,true,0,true,JP reference data
JP/ShareCfg/world_chapter_colormask.json,lua_derived,true,true,0,true,JP reference data
JP/ShareCfg/world_chapter_random.json,lua_derived,true,true,0,true,JP reference data
JP/ShareCfg/world_chapter_template.json,lua_derived,true,true,0,true,JP reference data
JP/ShareCfg/world_chapter_template_reset.json,lua_derived,true,true,0,true,JP reference data
JP/ShareCfg/world_collection_file_group.json,lua_derived,true,true,0,true,JP reference data
JP/ShareCfg/world_collection_file_template.json,lua_derived,true,true,0,true,JP reference data
JP/ShareCfg/world_collection_record_group.json,lua_derived,true,true,0,true,JP reference data
JP/ShareCfg/world_collection_record_template.json,lua_derived,true,true,0,true,JP reference data
JP/ShareCfg/world_effect_data.json,lua_derived,true,true,0,true,JP reference data
JP/ShareCfg/world_event_complete.json,lua_derived,true,true,0,true,JP reference data
JP/ShareCfg/world_event_data.json,lua_derived,true,true,0,true,JP reference data
JP/ShareCfg/world_event_desc.json,lua_derived,true,true,0,true,JP reference data
JP/ShareCfg/world_expedition_data.json,lua_derived,true,true,0,true,JP reference data
JP/ShareCfg/world_expedition_data_by_map.json,lua_derived,true,true,0,true,JP reference data
JP/ShareCfg/world_goods_data.json,lua_derived,true,true,0,true,JP reference data
JP/ShareCfg/world_help_data.json,lua_derived,true,true,0,true,JP reference data
JP/ShareCfg/world_item_data_origin.json,lua_derived,true,true,0,true,JP reference data
JP/ShareCfg/world_item_data_template.json,lua_derived,true,true,0,true,JP reference data
JP/ShareCfg/world_joint_boss_template.json,lua_derived,true,true,0,true,JP reference data
JP/ShareCfg/world_newshop_data.json,lua_derived,true,true,0,true,JP reference data
JP/ShareCfg/world_port_data.json,lua_derived,true,true,0,true,JP reference data
JP/ShareCfg/world_regions_data.json,lua_derived,true,true,0,true,JP reference data
JP/ShareCfg/world_sl_gbuff_data.json,lua_derived,true,true,0,true,JP reference data
JP/ShareCfg/world_stage_template.json,lua_derived,true,true,0,true,JP reference data
JP/ShareCfg/world_target_data.json,lua_derived,true,true,0,true,JP reference data
JP/ShareCfg/world_task_data.json,lua_derived,true,true,0,true,JP reference data
JP/ShareCfg/world_trap_data.json,lua_derived,true,true,0,true,JP reference data
JP/ShareCfg/worldboss_bufflist.json,lua_derived,true,true,0,true,JP reference data
JP/buff_cfg.json,lua_derived,true,true,0,true,JP reference data
JP/sharecfgdata/activity_coloring_template.json,lua_derived,true,true,0,true,JP reference data
JP/sharecfgdata/aircraft_template.json,lua_derived,true,true,0,true,JP reference data
JP/sharecfgdata/barrage_template.json,lua_derived,true,true,0,true,JP reference data
JP/sharecfgdata/bullet_template.json,lua_derived,true,true,0,true,JP reference data
JP/sharecfgdata/chapter_template.json,lua_derived,true,true,0,true,JP reference data
JP/sharecfgdata/chapter_template_loop.json,lua_derived,true,true,0,true,JP reference data
JP/sharecfgdata/enemy_data_statistics.json,lua_derived,true,true,0,true,JP reference data
JP/sharecfgdata/equip_data_statistics.json,lua_derived,true,true,0,true,JP reference data
JP/sharecfgdata/equip_data_template.json,lua_derived,true,true,0,true,JP reference data
JP/sharecfgdata/expedition_data_template.json,lua_derived,true,true,0,true,JP reference data
JP/sharecfgdata/gametip.json,lua_derived,true,true,0,true,JP reference data
JP/sharecfgdata/item_data_statistics.json,lua_derived,true,true,0,true,JP reference data
JP/sharecfgdata/item_virtual_data_statistics.json,lua_derived,true,true,0,true,JP reference data
JP/sharecfgdata/ship_data_breakout.json,lua_derived,true,true,0,true,JP reference data
JP/sharecfgdata/ship_data_statistics.json,lua_derived,true,true,0,true,JP reference data
JP/sharecfgdata/ship_data_template.json,lua_derived,true,true,0,true,JP reference data
JP/sharecfgdata/ship_skin_template.json,lua_derived,true,true,0,true,JP reference data
JP/sharecfgdata/ship_skin_words.json,lua_derived,true,true,0,true,JP reference data
JP/sharecfgdata/shop_template.json,lua_derived,true,true,0,true,JP reference data
JP/sharecfgdata/spweapon_data_statistics.json,lua_derived,true,true,0,true,JP reference data
JP/sharecfgdata/task_data_template.json,lua_derived,true,true,0,true,JP reference data
JP/sharecfgdata/weapon_name.json,lua_derived,true,true,0,true,JP reference data
JP/sharecfgdata/weapon_property.json,lua_derived,true,true,0,true,JP reference data
JP/sharecfgdata/world_chapter_template.json,lua_derived,true,true,0,true,JP reference data
JP/sharecfgdata/world_effect_data.json,lua_derived,true,true,0,true,JP reference data
JP/sharecfgdata/world_event_data.json,lua_derived,true,true,0,true,JP reference data
JP/skill_cfg.json,lua_derived,true,true,0,true,JP reference data
global/build_pools.json,belfast_helper,true,true,0,true,Belfast helper; separately verified
global/build_times.json,belfast_helper,true,true,0,true,Belfast helper; separately verified
global/requisition_ships.json,belfast_helper,true,true,0,true,Belfast helper; separately verified
global/versions.json,belfast_helper,true,true,0,true,Belfast helper; separately verified
